{"cameraMode":{"drawMode":0,"name":"Shaded","section":"Shading Mode"},"sceneLighting":true,"audioPlay":false,"sceneViewState":{"showFog":true,"showMaterialUpdate":true,"showSkybox":true,"showFlares":true,"showImageEffects":true,"showParticleSystems":true},"in2DMode":false,"pivot":{"x":4.256374359130859,"y":9.054306030273438,"z":2.609375},"rotation":{"x":0.10328918695449829,"y":0.022377748042345048,"z":-0.002324401866644621,"w":0.9943969249725342},"size":25.580018997192384,"orthographic":true}