{"cameraMode":{"drawMode":0,"name":"Shaded","section":"Shading Mode"},"sceneLighting":true,"audioPlay":false,"sceneViewState":{"showFog":true,"showMaterialUpdate":true,"showSkybox":true,"showFlares":true,"showImageEffects":true,"showParticleSystems":true},"in2DMode":false,"pivot":{"x":-3.129384994506836,"y":16.654666900634767,"z":-29.9481258392334},"rotation":{"x":0.07269858568906784,"y":0.5227431058883667,"z":-0.04480379447340965,"w":0.8482023477554321},"size":32.46426010131836,"orthographic":true}