{"cameraMode":{"drawMode":0,"name":"Shaded","section":"Shading Mode"},"sceneLighting":false,"audioPlay":false,"sceneViewState":{"showFog":true,"showMaterialUpdate":true,"showSkybox":true,"showFlares":true,"showImageEffects":true,"showParticleSystems":true},"in2DMode":false,"pivot":{"x":-0.01149594783782959,"y":-2.907994508743286,"z":-0.2857217788696289},"rotation":{"x":-0.12119238823652268,"y":0.012204902246594429,"z":-0.001488570822402835,"w":-0.9925529360771179},"size":8.84489917755127,"orthographic":true}