{"cameraMode":{"drawMode":0,"name":"Shaded","section":"Shading Mode"},"sceneLighting":false,"audioPlay":false,"sceneViewState":{"showFog":true,"showMaterialUpdate":true,"showSkybox":true,"showFlares":true,"showImageEffects":true,"showParticleSystems":true},"in2DMode":false,"pivot":{"x":-0.9648251533508301,"y":9.310504913330079,"z":-12.812957763671875},"rotation":{"x":-0.05996263772249222,"y":-0.007190743926912546,"z":0.0004348869260866195,"w":-0.9981746673583984},"size":79.98385620117188,"orthographic":true}