{"cameraMode":{"drawMode":0,"name":"Shaded","section":"Shading Mode"},"sceneLighting":true,"audioPlay":false,"sceneViewState":{"showFog":true,"showMaterialUpdate":true,"showSkybox":true,"showFlares":true,"showImageEffects":true,"showParticleSystems":true},"in2DMode":false,"pivot":{"x":0.019999980926513673,"y":2.565000057220459,"z":0.0},"rotation":{"x":-0.05695710331201553,"y":-0.020669011399149896,"z":0.001181022496894002,"w":-0.9981619715690613},"size":31.257022857666017,"orthographic":true}