{"cameraMode":{"drawMode":0,"name":"Shaded","section":"Shading Mode"},"sceneLighting":true,"audioPlay":false,"sceneViewState":{"showFog":true,"showMaterialUpdate":true,"showSkybox":true,"showFlares":true,"showImageEffects":true,"showParticleSystems":true},"in2DMode":false,"pivot":{"x":4.256374359130859,"y":9.054306030273438,"z":2.609375},"rotation":{"x":0.09428206086158753,"y":-0.04030824452638626,"z":0.0038205161690711977,"w":0.9947218894958496},"size":36.26898193359375,"orthographic":true}