{"cameraMode":{"drawMode":0,"name":"Shaded","section":"Shading Mode"},"sceneLighting":true,"audioPlay":false,"sceneViewState":{"showFog":true,"showMaterialUpdate":true,"showSkybox":true,"showFlares":true,"showImageEffects":true,"showParticleSystems":true},"in2DMode":false,"pivot":{"x":4.256374359130859,"y":9.054306030273438,"z":2.609375},"rotation":{"x":0.1032891795039177,"y":0.022377746179699899,"z":-0.0023244016338139774,"w":0.9943968653678894},"size":25.580018997192384,"orthographic":true}