{"cameraMode":{"drawMode":0,"name":"Shaded","section":"Shading Mode"},"sceneLighting":true,"audioPlay":false,"sceneViewState":{"showFog":true,"showMaterialUpdate":true,"showSkybox":true,"showFlares":true,"showImageEffects":true,"showParticleSystems":true},"in2DMode":false,"pivot":{"x":-3.8084065914154054,"y":16.654666900634767,"z":-31.731658935546876},"rotation":{"x":0.05394895747303963,"y":0.03026636876165867,"z":-0.0016360250301659108,"w":0.9980835318565369},"size":32.46426010131836,"orthographic":true}