{"cameraMode":{"drawMode":0,"name":"Shaded","section":"Shading Mode"},"sceneLighting":true,"audioPlay":false,"sceneViewState":{"showFog":true,"showMaterialUpdate":true,"showSkybox":true,"showFlares":true,"showImageEffects":true,"showParticleSystems":true},"in2DMode":false,"pivot":{"x":-23.03999900817871,"y":2.565000057220459,"z":0.0},"rotation":{"x":-0.0006007639458402991,"y":-0.9957951307296753,"z":0.09137071669101715,"w":-0.006564431823790073},"size":7.791739463806152,"orthographic":true}