{"cameraMode":{"drawMode":0,"name":"Shaded","section":"Shading Mode"},"sceneLighting":true,"audioPlay":false,"sceneViewState":{"showFog":true,"showMaterialUpdate":true,"showSkybox":true,"showFlares":true,"showImageEffects":true,"showParticleSystems":true},"in2DMode":false,"pivot":{"x":0.019999980926513673,"y":2.565000057220459,"z":0.0},"rotation":{"x":-0.1917855441570282,"y":-0.7927488088607788,"z":0.3120477795600891,"w":-0.48723095655441286},"size":7.7917399406433109,"orthographic":true}