{"cameraMode":{"drawMode":0,"name":"Shaded","section":"Shading Mode"},"sceneLighting":true,"audioPlay":false,"sceneViewState":{"showFog":true,"showMaterialUpdate":true,"showSkybox":true,"showFlares":true,"showImageEffects":true,"showParticleSystems":true},"in2DMode":false,"pivot":{"x":-23.03999900817871,"y":4.674999713897705,"z":0.0},"rotation":{"x":0.0011697027366608382,"y":-0.9971739053726196,"z":0.07342486828565598,"w":0.015864353626966478},"size":19.485294342041017,"orthographic":true}