{"cameraMode":{"drawMode":0,"name":"Shaded","section":"Shading Mode"},"sceneLighting":true,"audioPlay":false,"sceneViewState":{"showFog":true,"showMaterialUpdate":true,"showSkybox":true,"showFlares":true,"showImageEffects":true,"showParticleSystems":true},"in2DMode":false,"pivot":{"x":0.019999980926513673,"y":2.565000057220459,"z":0.0},"rotation":{"x":-0.12119238823652268,"y":0.012204902246594429,"z":-0.001488570822402835,"w":-0.9925529360771179},"size":111.03343200683594,"orthographic":true}