{"cameraMode":{"drawMode":0,"name":"Shaded","section":"Shading Mode"},"sceneLighting":false,"audioPlay":false,"sceneViewState":{"showFog":true,"showMaterialUpdate":true,"showSkybox":true,"showFlares":true,"showImageEffects":true,"showParticleSystems":true},"in2DMode":false,"pivot":{"x":0.6110000610351563,"y":0.2200002670288086,"z":-0.01710033416748047},"rotation":{"x":0.014395457692444325,"y":-0.01649751514196396,"z":0.00023670049267821014,"w":0.9997602701187134},"size":20.834272384643556,"orthographic":true}