{"cameraMode":{"drawMode":0,"name":"Shaded","section":"Shading Mode"},"sceneLighting":false,"audioPlay":false,"sceneViewState":{"showFog":true,"showMaterialUpdate":true,"showSkybox":true,"showFlares":true,"showImageEffects":true,"showParticleSystems":true},"in2DMode":false,"pivot":{"x":1.1451056003570557,"y":0.010487079620361328,"z":0.09123849868774414},"rotation":{"x":-0.05996263772249222,"y":-0.007190743926912546,"z":0.0004348869260866195,"w":-0.9981746673583984},"size":20.39069938659668,"orthographic":true}