{"cameraMode":{"drawMode":0,"name":"Shaded","section":"Shading Mode"},"sceneLighting":true,"audioPlay":false,"sceneViewState":{"showFog":true,"showMaterialUpdate":false,"showSkybox":true,"showFlares":true,"showImageEffects":true,"showParticleSystems":true},"in2DMode":false,"pivot":{"x":-28.726154327392579,"y":7.840206146240234,"z":28.357776641845704},"rotation":{"x":-0.423586368560791,"y":-0.19521257281303407,"z":0.09401201456785202,"w":-0.8795614838600159},"size":106.53953552246094,"orthographic":false}