{"cameraMode":{"drawMode":0,"name":"Shaded","section":"Shading Mode"},"sceneLighting":true,"audioPlay":false,"sceneViewState":{"showFog":true,"showMaterialUpdate":false,"showSkybox":true,"showFlares":true,"showImageEffects":true,"showParticleSystems":true},"in2DMode":false,"pivot":{"x":180.556396484375,"y":-213.023681640625,"z":214.01202392578126},"rotation":{"x":-0.22928057610988618,"y":0.7704165577888489,"z":-0.43277162313461306,"w":-0.4081636667251587},"size":893.3450317382813,"orthographic":false}