{"cameraMode":{"drawMode":0,"name":"Shaded","section":"Shading Mode"},"sceneLighting":false,"audioPlay":false,"sceneViewState":{"showFog":true,"showMaterialUpdate":false,"showSkybox":true,"showFlares":true,"showImageEffects":true,"showParticleSystems":true},"in2DMode":false,"pivot":{"x":-15.100211143493653,"y":-5.692571640014648,"z":-5.694024085998535},"rotation":{"x":0.03270384296774864,"y":-0.9656028151512146,"z":0.20915460586547852,"w":0.1509838104248047},"size":67.31012725830078,"orthographic":false}