{"cameraMode":{"drawMode":0,"name":"Shaded","section":"Shading Mode"},"sceneLighting":true,"audioPlay":false,"sceneViewState":{"showFog":true,"showMaterialUpdate":true,"showSkybox":true,"showFlares":true,"showImageEffects":true,"showParticleSystems":true},"in2DMode":false,"pivot":{"x":-52.684814453125,"y":7.948247909545898,"z":78.74423217773438},"rotation":{"x":-0.44525906443595889,"y":-0.20231729745864869,"z":0.10402002930641175,"w":-0.8660207390785217},"size":876.7899780273438,"orthographic":false}