{"cameraMode":{"drawMode":0,"name":"Shaded","section":"Shading Mode"},"sceneLighting":true,"audioPlay":false,"sceneViewState":{"showFog":true,"showMaterialUpdate":true,"showSkybox":true,"showFlares":true,"showImageEffects":true,"showParticleSystems":true},"in2DMode":false,"pivot":{"x":206.68411254882813,"y":-631.7894287109375,"z":-40.15777587890625},"rotation":{"x":-0.009401901625096798,"y":0.8716991543769836,"z":-0.48966535925865176,"w":-0.01673792488873005},"size":1306.8773193359375,"orthographic":false}