{"cameraMode":{"drawMode":0,"name":"Shaded","section":"Shading Mode"},"sceneLighting":true,"audioPlay":false,"sceneViewState":{"showFog":true,"showMaterialUpdate":true,"showSkybox":true,"showFlares":true,"showImageEffects":true,"showParticleSystems":true},"in2DMode":false,"pivot":{"x":163.11509704589845,"y":140.58184814453126,"z":101.95040893554688},"rotation":{"x":-0.44525906443595889,"y":-0.20231729745864869,"z":0.10402002930641175,"w":-0.8660207390785217},"size":635.365966796875,"orthographic":false}