{"cameraMode":{"drawMode":0,"name":"Shaded","section":"Shading Mode"},"sceneLighting":true,"audioPlay":false,"sceneViewState":{"showFog":true,"showMaterialUpdate":true,"showSkybox":true,"showFlares":true,"showImageEffects":true,"showParticleSystems":true},"in2DMode":false,"pivot":{"x":-28.726154327392579,"y":7.440197944641113,"z":25.597776412963868},"rotation":{"x":-0.44525906443595889,"y":-0.20231729745864869,"z":0.10402002930641175,"w":-0.8660207390785217},"size":27.58774185180664,"orthographic":false}